use comandaxpress;
INSERT INTO Usuarios (nombre, apellido, email, usuario, contraseña, foto)
VALUES ('Admin', 'User', 'admin@example.com', 'admin', 'admin', NULL);

INSERT INTO mesa (numero, capacidad) VALUES
(1, 4), (2, 4), (3, 4), (4, 4), (5, 4), (6, 4), (7, 4), (8, 4), (9, 4), (10, 4),
(11, 4), (12, 4), (13, 4), (14, 4);

INSERT INTO Categorias (nombre, descripcion) VALUES
('Entrantes', 'Platos ligeros para comenzar la comida'),
('Refrescos', 'Bebidas sin alcohol para acompañar la comida'),
('Vinos', 'Selección de vinos tintos, blancos y rosados'),
('Cervezas', 'Variedad de cervezas nacionales e internacionales'),
('Postres', 'Deliciosos postres para finalizar la comida'),
('Carnes', 'Selección de carnes a la parrilla y guisadas'),
('Pescados', 'Pescados frescos preparados de diversas maneras'),
('Ensaladas', 'Ensaladas frescas y saludables'),
('Sopas', 'Sopas calientes y frías para todos los gustos'),
('Pasta', 'Platos de pasta con diferentes salsas');

INSERT INTO Productos (categoria_id, nombre, precio) VALUES
-- Entrantes
(1, 'Bruschetta', 5.00), (1, 'Calamares a la romana', 7.50), (1, 'Patatas bravas', 4.50), (1, 'Alitas de pollo', 6.00),
(1, 'Nachos con queso', 5.50), (1, 'Croquetas de jamón', 6.00), (1, 'Empanadillas', 5.00), (1, 'Tortilla de patatas', 4.00),
(1, 'Gambas al ajillo', 8.00), (1, 'Jamón ibérico', 12.00),
-- Refrescos
(2, 'Coca Cola', 2.00), (2, 'Fanta Naranja', 2.00), (2, 'Sprite', 2.00), (2, 'Agua Mineral', 1.50),
(2, 'Tónica', 2.00), (2, 'Nestea', 2.50), (2, 'Zumo de Naranja', 2.50), (2, 'Zumo de Piña', 2.50),
(2, 'Aquarius', 2.00), (2, 'Red Bull', 3.00),
-- Vinos
(3, 'Vino Tinto Rioja', 15.00), (3, 'Vino Blanco Albariño', 12.00), (3, 'Vino Rosado Navarra', 10.00), (3, 'Vino Tinto Ribera', 18.00),
(3, 'Vino Blanco Verdejo', 14.00), (3, 'Vino Rosado Penedés', 11.00), (3, 'Vino Tinto Priorat', 20.00), (3, 'Vino Blanco Rueda', 13.00),
(3, 'Cava Brut', 16.00), (3, 'Champagne', 25.00),
-- Cervezas
(4, 'Cerveza Heineken', 3.00), (4, 'Cerveza Corona', 3.50), (4, 'Cerveza Mahou', 2.50), (4, 'Cerveza Estrella Galicia', 2.50),
(4, 'Cerveza San Miguel', 2.50), (4, 'Cerveza Amstel', 2.50), (4, 'Cerveza Cruzcampo', 2.50), (4, 'Cerveza Budweiser', 3.00),
(4, 'Cerveza Guinness', 3.50), (4, 'Cerveza Stella Artois', 3.00),
-- Postres
(5, 'Tarta de queso', 4.00), (5, 'Flan de huevo', 3.50), (5, 'Helado de vainilla', 3.00), (5, 'Brownie con helado', 4.50),
(5, 'Tiramisú', 4.00), (5, 'Crema catalana', 3.50), (5, 'Mousse de chocolate', 4.00), (5, 'Fruta de temporada', 3.00),
(5, 'Tarta de chocolate', 4.50), (5, 'Helado de fresa', 3.00),
-- Carnes
(6, 'Entrecot de ternera', 15.00), (6, 'Solomillo de cerdo', 12.00), (6, 'Pollo asado', 10.00), (6, 'Cordero a la parrilla', 18.00),
(6, 'Chuleta de cerdo', 11.00), (6, 'Costillas de ternera', 16.00), (6, 'Filete de ternera', 14.00), (6, 'Hamburguesa gourmet', 12.00),
(6, 'Chuletón de buey', 20.00), (6, 'Pechuga de pollo a la parrilla', 11.00),
-- Pescados
(7, 'Salmón a la plancha', 13.00), (7, 'Merluza en salsa verde', 12.00), (7, 'Atún a la parrilla', 15.00), (7, 'Dorada al horno', 14.00),
(7, 'Lubina a la sal', 16.00), (7, 'Bacalao al pil pil', 15.00), (7, 'Gambas al ajillo', 12.00), (7, 'Mejillones a la marinera', 10.00),
(7, 'Pulpo a la gallega', 18.00), (7, 'Caldereta de marisco', 20.00),
-- Ensaladas
(8, 'Ensalada César', 7.00), (8, 'Ensalada mixta', 6.00), (8, 'Ensalada de pasta', 7.00), (8, 'Ensalada de pollo', 8.00),
(8, 'Ensalada de atún', 7.00), (8, 'Ensalada griega', 7.50), (8, 'Ensalada de quinoa', 8.00), (8, 'Ensalada caprese', 7.50),
(8, 'Ensalada de espinacas', 7.00), (8, 'Ensalada de frutas', 6.50),
-- Sopas
(9, 'Sopa de tomate', 4.00), (9, 'Sopa de pollo', 4.50), (9, 'Sopa de marisco', 5.00), (9, 'Crema de calabaza', 4.00),
(9, 'Sopa de verduras', 4.00), (9, 'Gazpacho', 3.50), (9, 'Sopa de cebolla', 4.00), (9, 'Caldo gallego', 4.50),
(9, 'Sopa de miso', 3.50), (9, 'Caldo de pollo', 4.00),
-- Pasta
(10, 'Espaguetis a la boloñesa', 8.00), (10, 'Macarrones con queso', 7.00), (10, 'Lasaña de carne', 9.00), (10, 'Raviolis de espinacas', 8.50),
(10, 'Tallarines al pesto', 8.00), (10, 'Penne all arrabbiata', 7.50), (10, 'Fettuccine Alfredo', 8.50), (10, 'Canelones de carne', 9.00),
(10, 'Gnocchi a la romana', 7.50), (10, 'Tagliatelle con trufa', 10.00);


INSERT INTO Tickets (mesa_id, fecha_hora) VALUES
(1, '2024-04-01 12:30:00'), (2, '2024-04-02 13:45:00'), (3, '2024-04-03 14:15:00'), (4, '2024-04-04 11:50:00'), (5, '2024-04-05 13:20:00'), 
(6, '2024-04-06 14:05:00'), (7, '2024-04-07 12:10:00'), (8, '2024-04-08 13:25:00'), (9, '2024-04-09 12:35:00'), (10, '2024-04-10 14:50:00'), 
(11, '2024-04-11 11:45:00'), (12, '2024-04-12 13:40:00'), (13, '2024-04-13 12:25:00'), (14, '2024-04-14 14:30:00'), 
(1, '2024-04-15 11:55:00'), (2, '2024-04-16 13:15:00'), (3, '2024-04-17 12:50:00'), (4, '2024-04-18 14:20:00'), (5, '2024-04-19 13:05:00'), 
(6, '2024-04-20 12:40:00'), (7, '2024-04-21 13:30:00'), (8, '2024-04-22 14:10:00'), (9, '2024-04-23 11:35:00'), (10, '2024-04-24 13:50:00'), 
(11, '2024-04-25 12:15:00'), (12, '2024-04-26 14:00:00'), (13, '2024-04-27 11:20:00'), (14, '2024-04-28 13:40:00'), (1, '2024-04-29 12:05:00'),
(2, '2024-05-01 12:30:00'), (3, '2024-05-02 13:45:00'), (4, '2024-05-03 14:15:00'), (5, '2024-05-04 11:50:00'), (6, '2024-05-05 13:20:00'), 
(7, '2024-05-06 14:05:00'), (8, '2024-05-07 12:10:00'), (9, '2024-05-08 13:25:00'), (10, '2024-05-09 12:35:00'), (11, '2024-05-10 14:50:00'), 
(12, '2024-05-11 11:45:00'), (13, '2024-05-12 13:40:00'), (14, '2024-05-13 12:25:00'), (1, '2024-05-14 14:30:00'), 
(2, '2024-05-15 11:55:00'), (3, '2024-05-16 13:15:00'), (4, '2024-05-17 12:50:00'), (5, '2024-05-18 14:20:00'), (6, '2024-05-19 13:05:00'), 
(7, '2024-05-20 12:40:00'), (8, '2024-05-21 13:30:00'), (9, '2024-05-22 14:10:00'), (10, '2024-05-23 11:35:00'), (11, '2024-05-24 13:50:00'), 
(12, '2024-05-25 12:15:00'), (13, '2024-05-26 14:00:00'), (14, '2024-05-27 11:20:00'), (1, '2024-05-28 13:40:00'), (2, '2024-05-29 12:05:00'),
(3, '2024-06-01 12:30:00'), (4, '2024-06-02 13:45:00'), (5, '2024-06-03 14:15:00'), (6, '2024-06-04 11:50:00'), (7, '2024-06-05 13:20:00'), 
(8, '2024-06-06 14:05:00'), (9, '2024-06-07 12:10:00'), (10, '2024-06-08 13:25:00'), (11, '2024-06-09 12:35:00'), (12, '2024-06-10 14:50:00'), 
(13, '2024-06-11 11:45:00'), (14, '2024-06-12 13:40:00'), (1, '2024-06-13 12:25:00'), (2, '2024-06-14 14:30:00'), 
(3, '2024-06-15 11:55:00'), (4, '2024-06-16 13:15:00'), (5, '2024-06-17 12:50:00'), (6, '2024-06-18 14:20:00'), (7, '2024-06-19 13:05:00'), 
(8, '2024-06-20 12:40:00'), (9, '2024-06-21 13:30:00'), (10, '2024-06-22 14:10:00'), (11, '2024-06-23 11:35:00'), (12, '2024-06-24 13:50:00'), 
(13, '2024-06-25 12:15:00'), (14, '2024-06-26 14:00:00'), (1, '2024-06-27 11:20:00'), (2, '2024-06-28 13:40:00'), (3, '2024-06-29 12:05:00');


INSERT INTO Ticket_Detalle (ticket_id, producto_id, cantidad) VALUES
(29, 1, 2), (29, 11, 1), (29, 21, 2), (29, 31, 1), (29, 41, 3), (29, 51, 2),
(30, 2, 1), (30, 12, 2), (30, 22, 3), (30, 32, 2), (30, 42, 1), (30, 52, 2),
(31, 3, 2), (31, 13, 1), (31, 23, 2), (31, 33, 3), (31, 43, 2), (31, 53, 1),
(32, 4, 3), (32, 14, 2), (32, 24, 1), (32, 34, 2), (32, 44, 3), (32, 54, 2),
(33, 5, 2), (33, 15, 1), (33, 25, 2), (33, 35, 1), (33, 45, 3), (33, 55, 2),
(34, 6, 1), (34, 16, 2), (34, 26, 3), (34, 36, 2), (34, 46, 1), (34, 56, 2),
(35, 7, 2), (35, 17, 1), (35, 27, 2), (35, 37, 3), (35, 47, 2), (35, 57, 1),
(36, 8, 3), (36, 18, 2), (36, 28, 1), (36, 38, 2), (36, 48, 3), (36, 58, 2),
(37, 9, 2), (37, 19, 1), (37, 29, 2), (37, 39, 1), (37, 49, 3), (37, 59, 2),
(38, 10, 1), (38, 20, 2), (38, 30, 3), (38, 40, 2), (38, 50, 1), (38, 60, 2),
(39, 1, 2), (39, 11, 1), (39, 21, 2), (39, 31, 1), (39, 41, 3), (39, 51, 2),
(40, 2, 1), (40, 12, 2), (40, 22, 3), (40, 32, 2), (40, 42, 1), (40, 52, 2),
(41, 3, 2), (41, 13, 1), (41, 23, 2), (41, 33, 3), (41, 43, 2), (41, 53, 1),
(42, 4, 3), (42, 14, 2), (42, 24, 1), (42, 34, 2), (42, 44, 3), (42, 54, 2),
(43, 5, 2), (43, 15, 1), (43, 25, 2), (43, 35, 1), (43, 45, 3), (43, 55, 2),
(44, 6, 1), (44, 16, 2), (44, 26, 3), (44, 36, 2), (44, 46, 1), (44, 56, 2),
(45, 7, 2), (45, 17, 1), (45, 27, 2), (45, 37, 3), (45, 47, 2), (45, 57, 1),
(46, 8, 3), (46, 18, 2), (46, 28, 1), (46, 38, 2), (46, 48, 3), (46, 58, 2),
(47, 9, 2), (47, 19, 1), (47, 29, 2), (47, 39, 1), (47, 49, 3), (47, 59, 2),
(48, 10, 1), (48, 20, 2), (48, 30, 3), (48, 40, 2), (48, 50, 1), (48, 60, 2),
(49, 1, 2), (49, 11, 1), (49, 21, 2), (49, 31, 1), (49, 41, 3), (49, 51, 2),
(50, 2, 1), (50, 12, 2), (50, 22, 3), (50, 32, 2), (50, 42, 1), (50, 52, 2),
(51, 3, 2), (51, 13, 1), (51, 23, 2), (51, 33, 3), (51, 43, 2), (51, 53, 1),
(52, 4, 3), (52, 14, 2), (52, 24, 1), (52, 34, 2), (52, 44, 3), (52, 54, 2),
(53, 5, 2), (53, 15, 1), (53, 25, 2), (53, 35, 1), (53, 45, 3), (53, 55, 2),
(54, 6, 1), (54, 16, 2), (54, 26, 3), (54, 36, 2), (54, 46, 1), (54, 56, 2),
(55, 7, 2), (55, 17, 1), (55, 27, 2), (55, 37, 3), (55, 47, 2), (55, 57, 1),
(56, 8, 3), (56, 18, 2), (56, 28, 1), (56, 38, 2), (56, 48, 3), (56, 58, 2),
(57, 9, 2), (57, 19, 1), (57, 29, 2), (57, 39, 1), (57, 49, 3), (57, 59, 2),
(58, 10, 1), (58, 20, 2), (58, 30, 3), (58, 40, 2), (58, 50, 1), (58, 60, 2),
(59, 1, 2), (59, 11, 1), (59, 21, 2), (59, 31, 1), (59, 41, 3), (59, 51, 2),
(60, 2, 1), (60, 12, 2), (60, 22, 3), (60, 32, 2), (60, 42, 1), (60, 52, 2),
(61, 3, 2), (61, 13, 1), (61, 23, 2), (61, 33, 3), (61, 43, 2), (61, 53, 1),
(62, 4, 3), (62, 14, 2), (62, 24, 1), (62, 34, 2), (62, 44, 3), (62, 54, 2),
(63, 5, 2), (63, 15, 1), (63, 25, 2), (63, 35, 1), (63, 45, 3), (63, 55, 2),
(64, 6, 1), (64, 16, 2), (64, 26, 3), (64, 36, 2), (64, 46, 1), (64, 56, 2),
(65, 7, 2), (65, 17, 1), (65, 27, 2), (65, 37, 3), (65, 47, 2), (65, 57, 1),
(66, 8, 3), (66, 18, 2), (66, 28, 1), (66, 38, 2), (66, 48, 3), (66, 58, 2),
(67, 9, 2), (67, 19, 1), (67, 29, 2), (67, 39, 1), (67, 49, 3), (67, 59, 2),
(68, 10, 1), (68, 20, 2), (68, 30, 3), (68, 40, 2), (68, 50, 1), (68, 60, 2),
(69, 1, 2), (69, 11, 1), (69, 21, 2), (69, 31, 1), (69, 41, 3), (69, 51, 2),
(70, 2, 1), (70, 12, 2), (70, 22, 3), (70, 32, 2), (70, 42, 1), (70, 52, 2),
(71, 3, 2), (71, 13, 1), (71, 23, 2), (71, 33, 3), (71, 43, 2), (71, 53, 1),
(72, 4, 3), (72, 14, 2), (72, 24, 1), (72, 34, 2), (72, 44, 3), (72, 54, 2),
(73, 5, 2), (73, 15, 1), (73, 25, 2), (73, 35, 1), (73, 45, 3), (73, 55, 2),
(74, 6, 1), (74, 16, 2), (74, 26, 3), (74, 36, 2), (74, 46, 1), (74, 56, 2),
(75, 7, 2), (75, 17, 1), (75, 27, 2), (75, 37, 3), (75, 47, 2), (75, 57, 1),
(76, 8, 3), (76, 18, 2), (76, 28, 1), (76, 38, 2), (76, 48, 3), (76, 58, 2),
(77, 9, 2), (77, 19, 1), (77, 29, 2), (77, 39, 1), (77, 49, 3), (77, 59, 2),
(78, 10, 1), (78, 20, 2), (78, 30, 3), (78, 40, 2), (78, 50, 1), (78, 60, 2);
